threads,work_time_s
1,68.3426
2,33.4571
4,16.9878
7,9.88085
8,8.73175
16,4.53036
20,3.7105
40,3.35762