threads,work_time_s
1,4.60636
2,2.31016
4,1.1686
7,0.685805
8,0.604129
16,0.35517
