threads,work_time_s
1,2.70707
2,1.34631
4,0.684533
7,0.402231
8,0.35726
16,0.219838
