threads,work_time_s
1,66.7757
2,33.8709
4,17.1162
7,9.88585
8,8.61695
16,4.56031
20,3.79129
40,3.95331
