schedule,chunk,time_s
static,1,7.16478
static,10,6.9024
static,50,6.45153
static,100,6.30525
static,500,6.39811
static,1000,7.58722
static,5000,11.8688
static,10000,23.6271
dynamic,1,31.3373
dynamic,10,6.41668
dynamic,50,6.46389
dynamic,100,6.51503
dynamic,500,6.56197
dynamic,1000,7.64052
dynamic,5000,11.9836
dynamic,10000,23.5197
guided,1,6.66307
guided,10,6.6961
guided,50,6.8483
guided,100,6.80475
guided,500,7.32676
guided,1000,7.82299
guided,5000,12.4709
guided,10000,24.4541
