Threads,Time
1,0.839214
2,0.451081
4,0.198275
7,0.112352
8,0.098924
16,0.051357
20,0.046559
40,0.036185