Threads,Time
1,2.656262
2,1.325162
4,0.689192
7,0.444113
8,0.358296
16,0.170978
20,0.141935
40,0.081536