Threads,Time
1,1.01807
2,0.525594
4,0.256159
7,0.15915
8,0.137156
16,0.0662933
20,0.0557845
40,0.048613
