Threads,Time
1,4.1626
2,3.12212
4,1.12701
7,0.644701
8,0.71246
16,0.27951
20,0.20768
40,0.186402
