Threads,Time
1,4.88224
2,4.24475
4,1.68465
7,1.82808
8,1.70005
16,0.94072
20,1.03491
40,0.918539
