Threads,Time
1,3.54357
2,1.74729
4,0.898864
7,0.50533
8,0.44164
16,0.235939
20,0.27474
40,0.248679
